<?xml version="1.0" encoding="UTF-8"?>
<project-private xmlns="http://www.netbeans.org/ns/project-private/1">
    <editor-bookmarks xmlns="http://www.netbeans.org/ns/editor-bookmarks/2" lastBookmarkId="0"/>
    <open-files xmlns="http://www.netbeans.org/ns/projectui-open-files/2">
        <group>
            <file>file:/C:/Users/123/Documents/NetBeansProjects/a1/Herencia/src/herencia/Punto1.java</file>
            <file>file:/C:/Users/123/Documents/NetBeansProjects/a1/Herencia/src/herencia/Punto2.java</file>
            <file>file:/C:/Users/123/Documents/NetBeansProjects/a1/Herencia/src/herencia/Herencia.java</file>
        </group>
    </open-files>
</project-private>
